income,deductions,expenses,tax_paid,is_fraud,expected_tax
141958,13666,33021,3869,1,28391.6
166867,6892,35303,29643,0,33373.4
151932,4561,8304,25736,0,30386.4
123694,27854,44353,39467,0,24738.8
139879,7184,22675,24328,0,27975.8
130268,20483,49417,26876,0,26053.6
74886,23662,28938,22295,0,7488.6
157337,9392,28664,4987,1,31467.4
188266,14067,6636,23399,0,37653.2
107498,16265,25080,34986,0,21499.6
132727,20488,32728,21880,0,26545.4
146324,24599,31736,5735,1,29264.8
195203,3454,33673,5555,1,39040.6
36023,12837,42505,20830,1,1801.15
61090,15039,5854,18429,0,6109
87221,26380,29548,7893,1,8722.1
84820,20115,43623,15373,0,8482
20769,11965,12392,4436,0,2076.9
79735,25538,26556,9754,0,7973.5
84925,10762,43559,11677,0,8492.5
25311,6056,31309,6895,1,1265.55
123355,15948,26919,20738,0,24671
105305,9110,9931,31746,0,21061
179765,14773,37970,33352,0,35953
150608,28266,49215,6600,1,30121.6
176730,21224,17688,30124,0,35346
104478,18412,30342,28643,0,20895.6
142537,24769,42157,10007,1,28507.4
169503,1502,7327,38410,0,33900.6
150523,7910,45772,9208,1,30104.6
22747,13685,45545,19589,1,11373.5
143855,26446,5197,18453,0,28771
85725,24322,28509,37212,0,8572.5
149981,21872,39698,33635,0,29996.2
104654,1206,49542,34828,0,20930.8
186845,22518,20087,19711,0,37369
139346,23361,27671,4420,1,27869.2
87435,25105,30184,32216,0,8743.5
76886,24419,32848,1301,1,7688.6
86803,18868,47107,1699,1,8680.3
51551,25242,25666,1190,1,5155.1
136216,16934,49357,11492,1,27243.2
31394,18247,20708,36743,0,1569.7
89092,20174,31370,7102,1,8909.2
23890,24792,7811,20778,0,1194.5
61606,9755,11546,27641,0,6160.6
107313,22500,39754,35584,0,21462.6
161699,13383,35206,33745,0,32339.8
28792,23403,46106,24093,1,1439.6
194073,19141,16411,1569,1,38814.6
174969,15820,7911,39210,0,34993.8
88148,8574,6734,35663,0,8814.8
144243,7374,23227,37631,0,28848.6
140174,24276,13680,8455,1,28034.8
174555,2678,24360,5014,1,34911
144358,20626,23343,12093,1,28871.6
68555,22020,10759,19070,0,6855.5
37159,2059,28078,36777,0,1857.95
130510,24052,40153,17538,0,26102
126530,17198,16111,11729,1,25306
100077,10914,42504,35177,0,20015.4
55920,28890,6802,1784,1,5592
39457,20541,13155,28751,0,1972.85
98953,23299,13120,13533,0,9895.3
72995,11817,44384,6801,1,7299.5
191829,11921,26918,20190,0,38365.8
29692,10789,25445,39754,1,1484.6
196830,17312,35306,30592,0,39366
57065,12252,21646,11647,0,5706.5
119299,3693,36065,9716,1,23859.8
183678,14931,30199,24355,0,36735.6
31534,4627,46976,23009,1,1576.7
60397,26939,21371,25376,0,6039.7
111387,17157,16835,5780,1,22277.4
21016,11173,7049,3368,0,1050.8
75591,22834,36616,13039,0,7559.1
43247,19047,43191,7655,1,2162.35
44300,27105,25932,5495,0,2215
102798,11230,34855,11893,0,20559.6
29268,16707,12158,26547,0,1463.4
106807,22976,48016,23386,0,21361.4
32185,12494,12400,14403,0,1609.25
190171,27813,47642,33097,0,38034.2
159643,24776,20151,14121,1,31928.6
58044,2306,6154,11966,0,5804.4
71214,29605,9499,34621,0,7121.4
134752,7776,11295,29312,0,26950.4
68984,28251,17183,23677,0,6898.4
60774,23248,34299,32289,0,6077.4
22568,10474,17874,32024,0,1128.4
140151,8526,37711,5777,1,28030.2
153767,26285,10539,30749,0,30753.4
144375,22959,47405,16338,0,28875
199262,6530,7557,3491,1,39852.4
156330,21797,43360,28236,0,31266
59504,4748,21482,15599,0,5950.4
184231,14545,7200,20508,0,36846.2
33986,1663,7961,4051,0,1699.3
81858,2998,26357,22606,0,8185.8
149312,8994,16969,22699,0,29862.4
183678,14931,30199,24355,0,36735.6
31534,4627,46976,23009,1,1576.7
60397,26939,21371,25376,0,6039.7
111387,17157,16835,5780,1,22277.4
21016,11173,7049,3368,0,1050.8
75591,22834,36616,13039,0,7559.1
43247,19047,43191,7655,1,2162.35
44300,27105,25932,5495,0,2215
102798,11230,34855,11893,0,20559.6
29268,16707,12158,26547,0,1463.4
106807,22976,48016,23386,0,21361.4
32185,12494,12400,14403,0,1609.25
190171,27813,47642,33097,0,38034.2
159643,24776,20151,14121,1,31928.6
58044,2306,6154,11966,0,5804.4
71214,29605,9499,34621,0,7121.4
134752,7776,11295,29312,0,26950.4
68984,28251,17183,23677,0,6898.4
60774,23248,34299,32289,0,6077.4
141958,13666,33021,3869,1,28391.6
166867,6892,35303,29643,0,33373.4
151932,4561,8304,25736,0,30386.4
123694,27854,44353,39467,0,24738.8
139879,7184,22675,24328,0,27975.8
130268,20483,49417,26876,0,26053.6
74886,23662,28938,22295,0,7488.6
157337,9392,28664,4987,1,31467.4
188266,14067,6636,23399,0,37653.2
107498,16265,25080,34986,0,21499.6
132727,20488,32728,21880,0,26545.4
146324,24599,31736,5735,1,29264.8
195203,3454,33673,5555,1,39040.6
36023,12837,42505,20830,1,1801.15
61090,15039,5854,18429,0,6109
87221,26380,29548,7893,1,8722.1
84820,20115,43623,15373,0,8482
20769,11965,12392,4436,0,2076.9
79735,25538,26556,9754,0,7973.5
84925,10762,43559,11677,0,8492.5
25311,6056,31309,6895,1,1265.55
123355,15948,26919,20738,0,24671
105305,9110,9931,31746,0,21061
179765,14773,37970,33352,0,35953
150608,28266,49215,6600,1,30121.6
176730,21224,17688,30124,0,35346
104478,18412,30342,28643,0,20895.6
142537,24769,42157,10007,1,28507.4
169503,1502,7327,38410,0,33900.6
150523,7910,45772,9208,1,30104.6
22747,13685,45545,19589,1,11373.5
143855,26446,5197,18453,0,28771
85725,24322,28509,37212,0,8572.5
149981,21872,39698,33635,0,29996.2
104654,1206,49542,34828,0,20930.8
186845,22518,20087,19711,0,37369
139346,23361,27671,4420,1,27869.2
87435,25105,30184,32216,0,8743.5
76886,24419,32848,1301,1,7688.6
86803,18868,47107,1699,1,8680.3
51551,25242,25666,1190,1,5155.1
136216,16934,49357,11492,1,27243.2
31394,18247,20708,36743,0,1569.7
89092,20174,31370,7102,1,8909.2
23890,24792,7811,20778,0,1194.5
61606,9755,11546,27641,0,6160.6
107313,22500,39754,35584,0,21462.6
161699,13383,35206,33745,0,32339.8
28792,23403,46106,24093,1,1439.6
31394,18247,20708,36743,0,1569.7
89092,20174,31370,7102,1,8909.2
23890,24792,7811,20778,0,1194.5
61606,9755,11546,27641,0,6160.6
107313,22500,39754,35584,0,21462.6
161699,13383,35206,33745,0,32339.8
28792,23403,46106,24093,1,1439.6
194073,19141,16411,1569,1,38814.6
174969,15820,7911,39210,0,34993.8
88148,8574,6734,35663,0,8814.8
144243,7374,23227,37631,0,28848.6
140174,24276,13680,8455,1,28034.8
174555,2678,24360,5014,1,34911
144358,20626,23343,12093,1,28871.6
68555,22020,10759,19070,0,6855.5
37159,2059,28078,36777,0,1857.95
130510,24052,40153,17538,0,26102
126530,17198,16111,11729,1,25306
100077,10914,42504,35177,0,20015.4
55920,28890,6802,1784,1,5592
39457,20541,13155,28751,0,1972.85
98953,23299,13120,13533,0,9895.3
72995,11817,44384,6801,1,7299.5
191829,11921,26918,20190,0,38365.8
29692,10789,25445,39754,1,1484.6
196830,17312,35306,30592,0,39366
57065,12252,21646,11647,0,5706.5
119299,3693,36065,9716,1,23859.8
183678,14931,30199,24355,0,36735.6
31534,4627,46976,23009,1,1576.7
60397,26939,21371,25376,0,6039.7
111387,17157,16835,5780,1,22277.4
21016,11173,7049,3368,0,1050.8
75591,22834,36616,13039,0,7559.1
43247,19047,43191,7655,1,2162.35
44300,27105,25932,5495,0,2215
102798,11230,34855,11893,0,20559.6
29268,16707,12158,26547,0,1463.4
106807,22976,48016,23386,0,21361.4
32185,12494,12400,14403,0,1609.25
190171,27813,47642,33097,0,38034.2
159643,24776,20151,14121,1,31928.6
58044,2306,6154,11966,0,5804.4
71214,29605,9499,34621,0,7121.4
134752,7776,11295,29312,0,26950.4
68984,28251,17183,23677,0,6898.4
60774,23248,34299,32289,0,6077.4
22568,10474,17874,32024,0,1128.4
140151,8526,37711,5777,1,28030.2
153767,26285,10539,30749,0,30753.4
144375,22959,47405,16338,0,28875
199262,6530,7557,3491,1,39852.4
156330,21797,43360,28236,0,31266
59504,4748,21482,15599,0,5950.4
184231,14545,7200,20508,0,36846.2
33986,1663,7961,4051,0,1699.3
81858,2998,26357,22606,0,8185.8
149312,8994,16969,22699,0,29862.4
183678,14931,30199,24355,0,36735.6
31534,4627,46976,23009,1,1576.7
60397,26939,21371,25376,0,6039.7
81858,2998,26357,22606,0,8185.8
149312,8994,16969,22699,0,29862.4
183678,14931,30199,24355,0,36735.6
31534,4627,46976,23009,1,1576.7
60397,26939,21371,25376,0,6039.7
111387,17157,16835,5780,1,22277.4
21016,11173,7049,3368,0,1050.8
75591,22834,36616,13039,0,7559.1
43247,19047,43191,7655,1,2162.35
44300,27105,25932,5495,0,2215
102798,11230,34855,11893,0,20559.6
29268,16707,12158,26547,0,1463.4
106807,22976,48016,23386,0,21361.4
32185,12494,12400,14403,0,1609.25
190171,27813,47642,33097,0,38034.2
159643,24776,20151,14121,1,31928.6
58044,2306,6154,11966,0,5804.4
71214,29605,9499,34621,0,7121.4
134752,7776,11295,29312,0,26950.4
68984,28251,17183,23677,0,6898.4
60774,23248,34299,32289,0,6077.4
141958,13666,33021,3869,1,28391.6
166867,6892,35303,29643,0,33373.4
151932,4561,8304,25736,0,30386.4
123694,27854,44353,39467,0,24738.8
139879,7184,22675,24328,0,27975.8
130268,20483,49417,26876,0,26053.6
74886,23662,28938,22295,0,7488.6
157337,9392,28664,4987,1,31467.4
188266,14067,6636,23399,0,37653.2
107498,16265,25080,34986,0,21499.6
132727,20488,32728,21880,0,26545.4
146324,24599,31736,5735,1,29264.8
195203,3454,33673,5555,1,39040.6
36023,12837,42505,20830,1,1801.15
61090,15039,5854,18429,0,6109
87221,26380,29548,7893,1,8722.1
84820,20115,43623,15373,0,8482
20769,11965,12392,4436,0,2076.9
79735,25538,26556,9754,0,7973.5
84925,10762,43559,11677,0,8492.5
25311,6056,31309,6895,1,1265.55
123355,15948,26919,20738,0,24671
105305,9110,9931,31746,0,21061
179765,14773,37970,33352,0,35953
150608,28266,49215,6600,1,30121.6
28792,23403,46106,24093,1,1439.6
194073,19141,16411,1569,1,38814.6
174969,15820,7911,39210,0,34993.8
88148,8574,6734,35663,0,8814.8
144243,7374,23227,37631,0,28848.6
140174,24276,13680,8455,1,28034.8
174555,2678,24360,5014,1,34911
144358,20626,23343,12093,1,28871.6
68555,22020,10759,19070,0,6855.5
37159,2059,28078,36777,0,1857.95
130510,24052,40153,17538,0,26102
126530,17198,16111,11729,1,25306
100077,10914,42504,35177,0,20015.4
55920,28890,6802,1784,1,5592
39457,20541,13155,28751,0,1972.85
98953,23299,13120,13533,0,9895.3
72995,11817,44384,6801,1,7299.5
191829,11921,26918,20190,0,38365.8
29692,10789,25445,39754,1,1484.6
196830,17312,35306,30592,0,39366
57065,12252,21646,11647,0,5706.5
119299,3693,36065,9716,1,23859.8
183678,14931,30199,24355,0,36735.6
31534,4627,46976,23009,1,1576.7
60397,26939,21371,25376,0,6039.7
111387,17157,16835,5780,1,22277.4
21016,11173,7049,3368,0,1050.8
75591,22834,36616,13039,0,7559.1
43247,19047,43191,7655,1,2162.35
44300,27105,25932,5495,0,2215
102798,11230,34855,11893,0,20559.6
29268,16707,12158,26547,0,1463.4
106807,22976,48016,23386,0,21361.4
32185,12494,12400,14403,0,1609.25
190171,27813,47642,33097,0,38034.2
159643,24776,20151,14121,1,31928.6
58044,2306,6154,11966,0,5804.4
71214,29605,9499,34621,0,7121.4
134752,7776,11295,29312,0,26950.4
68984,28251,17183,23677,0,6898.4
60774,23248,34299,32289,0,6077.4
22568,10474,17874,32024,0,1128.4
140151,8526,37711,5777,1,28030.2
153767,26285,10539,30749,0,30753.4
144375,22959,47405,16338,0,28875
199262,6530,7557,3491,1,39852.4
156330,21797,43360,28236,0,31266
59504,4748,21482,15599,0,5950.4
184231,14545,7200,20508,0,36846.2
33986,1663,7961,4051,0,1699.3
81858,2998,26357,22606,0,8185.8
21016,11173,7049,3368,0,1050.8
75591,22834,36616,13039,0,7559.1
43247,19047,43191,7655,1,2162.35
44300,27105,25932,5495,0,2215
102798,11230,34855,11893,0,20559.6
29268,16707,12158,26547,0,1463.4
106807,22976,48016,23386,0,21361.4
32185,12494,12400,14403,0,1609.25
190171,27813,47642,33097,0,38034.2
159643,24776,20151,14121,1,31928.6
58044,2306,6154,11966,0,5804.4
71214,29605,9499,34621,0,7121.4
134752,7776,11295,29312,0,26950.4
68984,28251,17183,23677,0,6898.4
60774,23248,34299,32289,0,6077.4
141958,13666,33021,3869,1,28391.6
166867,6892,35303,29643,0,33373.4
151932,4561,8304,25736,0,30386.4
123694,27854,44353,39467,0,24738.8
139879,7184,22675,24328,0,27975.8
130268,20483,49417,26876,0,26053.6
74886,23662,28938,22295,0,7488.6
157337,9392,28664,4987,1,31467.4
188266,14067,6636,23399,0,37653.2
107498,16265,25080,34986,0,21499.6
132727,20488,32728,21880,0,26545.4
146324,24599,31736,5735,1,29264.8
195203,3454,33673,5555,1,39040.6
36023,12837,42505,20830,1,1801.15
61090,15039,5854,18429,0,6109
87221,26380,29548,7893,1,8722.1
84820,20115,43623,15373,0,8482
20769,11965,12392,4436,0,2076.9
79735,25538,26556,9754,0,7973.5
84925,10762,43559,11677,0,8492.5
25311,6056,31309,6895,1,1265.55
123355,15948,26919,20738,0,24671
105305,9110,9931,31746,0,21061
179765,14773,37970,33352,0,35953
150608,28266,49215,6600,1,30121.6
28792,23403,46106,24093,1,1439.6
194073,19141,16411,1569,1,38814.6
174969,15820,7911,39210,0,34993.8
88148,8574,6734,35663,0,8814.8
144243,7374,23227,37631,0,28848.6
140174,24276,13680,8455,1,28034.8
174555,2678,24360,5014,1,34911
144358,20626,23343,12093,1,28871.6
68555,22020,10759,19070,0,6855.5
37159,2059,28078,36777,0,1857.95
130510,24052,40153,17538,0,26102
126530,17198,16111,11729,1,25306
100077,10914,42504,35177,0,20015.4
55920,28890,6802,1784,1,5592
141958,13666,33021,3869,1,28391.6
166867,6892,35303,29643,0,33373.4
151932,4561,8304,25736,0,30386.4
123694,27854,44353,39467,0,24738.8
139879,7184,22675,24328,0,27975.8
130268,20483,49417,26876,0,26053.6
74886,23662,28938,22295,0,7488.6
157337,9392,28664,4987,1,31467.4
188266,14067,6636,23399,0,37653.2
107498,16265,25080,34986,0,21499.6
132727,20488,32728,21880,0,26545.4
146324,24599,31736,5735,1,29264.8
195203,3454,33673,5555,1,39040.6
36023,12837,42505,20830,1,1801.15
61090,15039,5854,18429,0,6109
87221,26380,29548,7893,1,8722.1
84820,20115,43623,15373,0,8482
20769,11965,12392,4436,0,2076.9
79735,25538,26556,9754,0,7973.5
84925,10762,43559,11677,0,8492.5
25311,6056,31309,6895,1,1265.55
123355,15948,26919,20738,0,24671
105305,9110,9931,31746,0,21061
179765,14773,37970,33352,0,35953
150608,28266,49215,6600,1,30121.6
176730,21224,17688,30124,0,35346
104478,18412,30342,28643,0,20895.6
142537,24769,42157,10007,1,28507.4
169503,1502,7327,38410,0,33900.6
150523,7910,45772,9208,1,30104.6
22747,13685,45545,19589,1,11373.5
143855,26446,5197,18453,0,28771
85725,24322,28509,37212,0,8572.5
149981,21872,39698,33635,0,29996.2
104654,1206,49542,34828,0,20930.8
186845,22518,20087,19711,0,37369
139346,23361,27671,4420,1,27869.2
87435,25105,30184,32216,0,8743.5
76886,24419,32848,1301,1,7688.6
86803,18868,47107,1699,1,8680.3
51551,25242,25666,1190,1,5155.1
136216,16934,49357,11492,1,27243.2
31394,18247,20708,36743,0,1569.7
89092,20174,31370,7102,1,8909.2
23890,24792,7811,20778,0,1194.5
61606,9755,11546,27641,0,6160.6
107313,22500,39754,35584,0,21462.6
161699,13383,35206,33745,0,32339.8
28792,23403,46106,24093,1,1439.6
28792,23403,46106,24093,1,1439.6
31394,18247,20708,36743,0,1569.7
89092,20174,31370,7102,1,8909.2
23890,24792,7811,20778,0,1194.5
61606,9755,11546,27641,0,6160.6
107313,22500,39754,35584,0,21462.6
161699,13383,35206,33745,0,32339.8
28792,23403,46106,24093,1,1439.6
194073,19141,16411,1569,1,38814.6
174969,15820,7911,39210,0,34993.8
88148,8574,6734,35663,0,8814.8
144243,7374,23227,37631,0,28848.6
140174,24276,13680,8455,1,28034.8
174555,2678,24360,5014,1,34911
144358,20626,23343,12093,1,28871.6
68555,22020,10759,19070,0,6855.5
37159,2059,28078,36777,0,1857.95
130510,24052,40153,17538,0,26102
126530,17198,16111,11729,1,25306
100077,10914,42504,35177,0,20015.4
55920,28890,6802,1784,1,5592
39457,20541,13155,28751,0,1972.85
98953,23299,13120,13533,0,9895.3
72995,11817,44384,6801,1,7299.5
191829,11921,26918,20190,0,38365.8
29692,10789,25445,39754,1,1484.6
196830,17312,35306,30592,0,39366
57065,12252,21646,11647,0,5706.5
119299,3693,36065,9716,1,23859.8
183678,14931,30199,24355,0,36735.6
31534,4627,46976,23009,1,1576.7
60397,26939,21371,25376,0,6039.7
111387,17157,16835,5780,1,22277.4
21016,11173,7049,3368,0,1050.8
75591,22834,36616,13039,0,7559.1
43247,19047,43191,7655,1,2162.35
44300,27105,25932,5495,0,2215
102798,11230,34855,11893,0,20559.6
29268,16707,12158,26547,0,1463.4
106807,22976,48016,23386,0,21361.4
32185,12494,12400,14403,0,1609.25
190171,27813,47642,33097,0,38034.2
191829,11921,26918,20190,0,38365.8
29692,10789,25445,39754,1,1484.6
196830,17312,35306,30592,0,39366
57065,12252,21646,11647,0,5706.5
119299,3693,36065,9716,1,23859.8
183678,14931,30199,24355,0,36735.6
31534,4627,46976,23009,1,1576.7
60397,26939,21371,25376,0,6039.7
111387,17157,16835,5780,1,22277.4
21016,11173,7049,3368,0,1050.8
75591,22834,36616,13039,0,7559.1
43247,19047,43191,7655,1,2162.35
44300,27105,25932,5495,0,2215
102798,11230,34855,11893,0,20559.6
29268,16707,12158,26547,0,1463.4
106807,22976,48016,23386,0,21361.4
32185,12494,12400,14403,0,1609.25
190171,27813,47642,33097,0,38034.2
159643,24776,20151,14121,1,31928.6
58044,2306,6154,11966,0,5804.4
71214,29605,9499,34621,0,7121.4
134752,7776,11295,29312,0,26950.4
68984,28251,17183,23677,0,6898.4
60774,23248,34299,32289,0,6077.4
22568,10474,17874,32024,0,1128.4
140151,8526,37711,5777,1,28030.2
153767,26285,10539,30749,0,30753.4
144375,22959,47405,16338,0,28875
199262,6530,7557,3491,1,39852.4
156330,21797,43360,28236,0,31266
59504,4748,21482,15599,0,5950.4
184231,14545,7200,20508,0,36846.2
33986,1663,7961,4051,0,1699.3
81858,2998,26357,22606,0,8185.8
149312,8994,16969,22699,0,29862.4
183678,14931,30199,24355,0,36735.6
31534,4627,46976,23009,1,1576.7
60397,26939,21371,25376,0,6039.7
111387,17157,16835,5780,1,22277.4
21016,11173,7049,3368,0,1050.8
75591,22834,36616,13039,0,7559.1
43247,19047,43191,7655,1,2162.35
44300,27105,25932,5495,0,2215
102798,11230,34855,11893,0,20559.6
29268,16707,12158,26547,0,1463.4
106807,22976,48016,23386,0,21361.4
32185,12494,12400,14403,0,1609.25
190171,27813,47642,33097,0,38034.2
159643,24776,20151,14121,1,31928.6
58044,2306,6154,11966,0,5804.4
71214,29605,9499,34621,0,7121.4
134752,7776,11295,29312,0,26950.4
68984,28251,17183,23677,0,6898.4
60774,23248,34299,32289,0,6077.4
141958,13666,33021,3869,1,28391.6
166867,6892,35303,29643,0,33373.4
151932,4561,8304,25736,0,30386.4
123694,27854,44353,39467,0,24738.8
139879,7184,22675,24328,0,27975.8
130268,20483,49417,26876,0,26053.6
74886,23662,28938,22295,0,7488.6
157337,9392,28664,4987,1,31467.4
188266,14067,6636,23399,0,37653.2
107498,16265,25080,34986,0,21499.6
132727,20488,32728,21880,0,26545.4
146324,24599,31736,5735,1,29264.8
195203,3454,33673,5555,1,39040.6
36023,12837,42505,20830,1,1801.15
61090,15039,5854,18429,0,6109
87221,26380,29548,7893,1,8722.1
84820,20115,43623,15373,0,8482
20769,11965,12392,4436,0,2076.9
79735,25538,26556,9754,0,7973.5
134170,40904,19734,13606.76,0,12653.2
26650,5875,2222,764.49,1,1077.5
64633,19261,13464,4161.3,0,3537.2
94752,12614,20562,11234.57,0,10427.6
121892,18662,2898,15749.26,0,14969
129056,24523,8665,14591.68,0,15359.9
83659,10406,234,5515.42,1,8650.6
24224,310,7261,1555.55,0,1391.4
30304,437,4174,1977.78,0,1986.7
35815,9329,4225,1467.24,0,1648.6
55639,21606,797,2767.71,0,2403.3
30529,807,7049,1145.05,1,1972.2
134504,22431,14246,9749.61,1,17621.9
75397,15127,22486,3802.74,1,6054
132894,22116,28966,16038,0,17233.4
13920,5522,2489,0,0,0
57424,8545,3309,3797.68,0,3887.9
50812,7445,403,2591.98,1,3336.7
74720,12487,1248,6495.16,0,6446.6
129998,16036,14700,14983.82,0,18188.6
69109,4078,4940,6805.27,0,7006.2
147421,55176,13305,13577.6,0,12449
86320,8173,17629,8136.05,0,9629.4
114488,2439,3997,18061.66,0,17614.7
114386,25093,26248,10637.4,0,11858.6
89079,8947,3918,6602.87,1,10026.4
126344,36544,9200,7506.68,1,11960
133506,38542,15365,14729.44,0,12992.8
83403,4056,22381,7963.33,0,9869.4
141361,24314,36819,17965.78,0,19114.1
130993,25544,37144,17852.9,0,15634.7
121106,4297,23905,9725,1,19042.7
35700,253,8594,2105.05,0,2544.7
77799,30346,2800,4297.69,0,3745.3
123920,27214,26986,14998.66,0,13341.2
67351,5335,13665,6049.26,0,6403.2
129033,44954,6690,10128.61,0,10815.8
43289,10590,2256,2213.12,0,2269.9
27169,6013,4232,998.04,0,1115.6
117341,34799,17372,11951.89,0,10508.4
83155,13829,21679,7105.36,0,7865.2
56092,18996,9065,1426.57,1,2709.6
66752,6374,5306,4323.12,1,6075.6
64629,9344,11755,4101.03,0,5057
149190,15963,3836,27795.43,0,23968.1
119451,44841,16264,3813.13,1,8922
34189,4925,6903,1820.26,0,1926.4
101078,5958,6341,13097.5,0,13024
123711,29970,28542,14082.9,0,12748.2
116800,4460,5575,17389.74,0,17702
130703,45513,12207,4636.82,1,11038
34414,8532,509,1817.88,0,1588.2
85613,20450,24339,7418.9,0,7032.6
90511,26580,1854,5804.79,0,6786.2
139085,35560,21664,15460.12,0,15057.5
25230,1345,3242,1245.01,0,1388.5
40633,13083,5397,1494.01,0,1755
48418,2722,9780,2468.72,1,3569.6
90376,22447,7848,8532.73,0,7585.8
74583,24996,1788,4230.4,0,3958.7
104705,41092,24168,7297.07,0,6722.6
51169,10384,10677,3303.18,0,3078.5
105176,23727,4156,6539.52,1,10289.8
74080,12204,12853,6791.13,0,6375.2
147008,28105,119,7869.65,1,19670.9
90759,15978,10079,9476.14,0,8956.2
16249,4449,2366,153.74,0,180
102308,2699,4632,7500.87,1,13921.8
85868,19354,7043,7992.33,0,7302.8
85456,31266,5997,4846.83,0,4838
112046,14250,26541,8973.31,1,13559.2
67826,22623,11062,4045.58,0,3520.3
96108,30273,13213,8556.8,0,7167
34499,3411,6040,1910.53,0,2108.8
107568,6949,23818,14116.4,0,14185.7
93734,13767,16198,9759.87,0,9993.4
33249,9690,8273,1505.08,0,1355.9
132925,31148,31949,15893.67,0,14533.1
100387,24098,29732,9940.34,0,9257.8
131172,52074,29455,11311.9,0,9819.6
90398,26115,16001,6433.66,0,6856.6
10373,244,2003,6.2,1,12.9
14216,2822,1851,119.54,0,139.4
72035,8162,8240,6599.92,0,6774.6
14359,3729,3241,64.52,0,63
10086,3354,2144,0,0,0
53948,19004,4706,2912.38,0,2494.4
51502,787,10523,4366.2,0,4143
35623,3858,9378,2091.13,0,2176.5
18556,4555,134,404.27,0,400.1
16994,3900,13,233.88,1,309.4
72624,10323,11972,6998.3,0,6460.2
72005,27973,20054,2730.46,0,3403.2
65852,19380,8542,3728.35,0,3647.2
140965,12280,21382,20542.73,0,22605.5
77337,3366,10639,7497.32,0,8794.2
19019,7339,1143,190.59,0,168
149646,6551,40853,13795.43,1,26928.5
59481,9552,17000,4432.85,0,3992.9
36537,13947,7084,1252.13,0,1259
133488,52020,749,6222.5,1,10293.6
43821,9950,8741,1529.76,1,2387.1
112418,13955,21768,11216.99,0,13692.6
64538,7116,265,6280.78,0,5484.4
21723,4849,93,658.72,0,687.4
11301,1188,105,13.15,0,11.3
133135,35066,34577,14371.36,0,13613.8
110850,13957,11789,12805.85,0,13378.6
29520,1816,7673,984.87,1,1770.4
46711,5052,2901,3242.83,0,3165.9
73033,781,12504,8026.97,0,8450.4
28059,2477,3226,1063.28,1,1558.2
22114,7417,4299,308.22,1,469.7
111984,15249,23375,12474,0,13347
10530,655,708,0,0,0
25197,5039,459,725.89,1,1015.8
145340,50385,43244,13876.67,0,12991
49696,12511,11077,3187.94,0,2718.5
132986,1797,5434,21869.13,0,23356.7
83920,4807,20050,8431.53,0,9822.6
28985,1128,2031,1601.84,0,1785.7
34177,361,8866,2190.49,0,2381.6
139211,822,15806,17023.65,1,25516.7
117145,28509,4543,13211.23,0,11727.2
92378,17636,7145,5994.26,1,8948.4
102265,38075,11590,7587.44,0,6838
87405,584,3888,9192.69,0,11364.2
84222,17890,4083,8473.64,0,7266.4
102871,23997,7162,9293.07,0,9774.8
135029,52375,35051,11505.51,0,10530.8
123152,29627,25806,12979.39,0,12705
135484,20937,28552,17268.3,0,18364.1
95688,9302,19102,9135.84,0,11277.2
56710,16717,5547,3401.37,0,2999.3
18393,3817,1295,213.2,1,457.6
93003,23269,13670,7066.69,0,7946.8
83786,14258,1104,7514.09,0,7905.6
132796,42241,8622,7220.74,1,12111
99174,31136,19029,7610.94,0,7607.6
141879,2436,21136,20789.67,0,25832.9
137446,41257,3422,13179.36,0,13237.8
81184,30563,10777,3589.12,0,4124.2
62033,4523,13245,6303.64,0,5502
31185,1427,7850,1877.14,0,1975.8
126793,37100,16476,10978.81,0,11938.6
68101,2539,16145,2846.88,1,7112.4
104147,16876,11048,11933.81,0,11454.2
61597,6768,154,2113.25,1,4965.8
23180,8937,5705,180.5,1,424.3
10328,3788,1416,0,1,0
142729,35327,414,14982.4,0,16220.6
124233,31549,31463,6703.51,1,12536.8
28073,1019,7329,1526.46,0,1705.4
101703,29428,21934,4953.58,1,8455
87694,26564,12178,6905.42,0,6226
55555,21286,4135,2723.4,0,2426.9
89920,25874,20888,6279.86,0,6809.2
49877,15532,7154,1310.75,1,2434.5
81118,2204,5102,10882.11,0,9782.8
108884,11999,23385,12210.06,0,13377
13593,1378,3629,93.31,1,221.5
85485,3742,4599,7015.78,1,10348.6
124699,11992,2724,18541.06,0,17812.1
142997,20705,14635,20241.27,0,20687.6
69561,18080,18516,2617.07,1,4296.2
10425,3121,1497,0,0,0
25521,6120,5632,997.41,0,940.1
43016,2982,10219,3559.04,0,3003.4
46800,14130,7956,2668.68,0,2267
136694,20066,14433,20851.66,0,18988.4
74599,3057,753,8476.4,0,8308.4
64471,25015,6895,1796.13,1,2945.6
122616,36130,17954,11721.55,0,11297.2
54059,1073,402,5135.41,0,4597.2
45615,9598,12776,2337.94,0,2601.7
69396,7371,10000,3872.31,1,6405
52314,12860,12224,2571.59,0,2945.4
96397,28452,8338,6323.83,0,7589
57479,9542,11964,4059.06,0,3793.7
41136,3760,7429,3012.56,0,2737.6
64102,21802,2757,2777.68,0,3230
131821,42078,2353,11695.78,0,11948.6
77750,24065,16705,4133.95,0,4737
69075,20258,19515,4279.64,0,3881.7
135878,39123,22930,9393.58,1,13351
120503,27770,18387,13191.15,0,12546.6
141805,46587,30808,11600.57,0,13043.6
147769,29751,36629,18845.39,0,19405.4
45274,11155,2715,1582.28,1,2411.9
131353,47533,6235,6872.79,1,10764
63230,8274,9161,4542.17,0,4991.2
124756,2804,25482,18095.28,0,20585.6
117062,25025,24617,12996.83,0,12407.4
145182,54843,34702,13459.46,0,12067.8
41295,1122,6859,3546.24,0,3017.3
49286,4857,9395,3308.77,0,3442.9
22479,6424,4688,617.6,0,605.5
96420,7808,15566,9796.44,0,11722.4
86141,12823,10749,8603.47,0,8663.6
87210,16926,7768,9538.27,0,8056.8
143813,6008,42512,25602.82,0,25341.5
48598,17713,4089,2368.87,0,2088.5
123201,26370,1347,14779.4,0,13366.2
15487,4595,3331,106.24,0,89.2
138097,10940,30397,25480.48,0,22147.1
33265,4063,3351,1828.05,0,1920.2
120708,4494,23761,21587.42,0,18864.2
143393,52068,39597,10556.73,0,12265
114700,34875,7615,10796.28,0,9965
17919,3742,2160,447.82,0,417.7
101556,10057,4504,12262.59,0,12299.8
121714,44672,32347,4001.29,1,9408.4
79232,474,19680,11580.62,0,9751.6
25949,1528,2832,1231.04,0,1442.1
133881,21384,9306,14518.75,0,17749.1
96490,3764,24139,10237.26,0,12545.2
48659,15337,3445,1182.85,1,2332.2
104649,4237,7608,16471.87,0,14123.6
25045,6979,5991,799.15,0,806.6
14825,2519,3261,206.39,0,230.6
16304,762,640,434.96,1,554.2
20803,41,1539,747.23,1,1076.2
78845,17028,3463,6010.88,0,6363.4
64590,8574,17831,5382.54,0,5203.2
59958,7495,15303,3672.65,0,4492.6
60489,13960,3081,3441.27,0,3652.9
55337,1880,9783,4847.42,0,4691.4
62530,14111,8888,4454.96,0,3841.9
110819,33093,22985,10383.97,0,9545.2
14151,3953,1321,19.77,0,19.8
131588,33200,16740,11208.78,0,13677.6
147556,16750,30508,14849.9,1,23241.8
108937,34331,21704,8475.21,0,8921.2
119364,29282,22393,9955.11,0,12016.4
107948,37706,8947,9384.32,0,8048.4
132466,40573,30280,12241.98,0,12378.6
149602,24420,29150,9242.46,1,21554.6
27285,241,3007,1481.06,0,1704.4
132071,14071,31948,17395.58,0,19400
65050,13648,13010,4953.34,0,4280.4
94014,8421,23219,11884.68,0,11118.6
19412,7403,1011,124.53,1,200.9
94805,3078,16870,12557.1,0,12345.4
47680,8537,6020,2770.66,0,2914.3
119385,24668,9959,11378.9,0,12943.4
38951,10050,8088,2009.3,0,1890.1
141117,37473,34212,16474.67,0,15093.2
139618,20445,25487,21738.76,0,19751.9
136882,15862,1798,22353.92,0,20306
70740,24974,16626,2796.86,1,3576.6
141244,18814,39081,21516.71,0,20729
119730,23806,32829,14775.32,0,13184.8
51866,7402,2762,3904.54,0,3446.4
105336,30938,13021,9214.15,0,8879.6
48113,12968,10613,2995.98,0,2514.5
86204,13236,10389,7201.53,0,8593.6
87255,19427,4106,3422.56,1,7565.6
39270,8165,9319,851.6,1,2110.5
111467,9377,9596,6633.26,1,14627
149940,13751,35644,28906.48,0,24856.7
34531,10318,2959,1446.86,0,1421.3
97831,22927,25661,8956.36,0,8980.8
87595,1343,8436,12045.2,0,11250.4
110594,24581,31757,12359.85,0,11202.6
92849,19544,11036,9035.82,0,8661
83944,6056,15842,9878.59,0,9577.6
129178,20409,11884,18488.34,0,16630.7
40961,9386,2650,2245.43,0,2157.5
65245,22872,9921,1708.62,1,3237.3
83712,27929,6510,5342.71,0,5156.6
111894,33554,2745,4298.17,1,9668
149824,48764,39408,15903.83,0,14318
125203,12607,33957,15818.64,0,17778.8
125021,3071,22568,17900.96,0,20585
105754,8728,10883,15219.64,0,13405.2
97415,27808,20917,7548.06,0,7921.4
71795,21522,16244,3640.04,0,4054.6
88047,9190,13679,7899.93,0,9771.4
43440,14107,24,2271.26,0,1933.3
92171,33030,13677,5557.11,0,5828.2
84639,15787,7927,6134.92,1,7770.4
83412,8735,24161,6411.73,1,8935.4
43560,15757,7668,2033.88,0,1780.3
133335,27649,20158,17033.28,0,15705.8
49974,7840,14685,2975.16,0,3213.4
71933,17843,2086,5138.94,0,4818
33662,8291,6006,634.61,1,1537.1
120430,10871,19229,19242.17,0,16867.7
20997,7959,2495,288.87,0,303.8
88016,33165,8109,5907.44,0,4970.2
21843,7279,1816,390.34,0,456.4
34606,12658,1801,1292.45,0,1194.8
135307,49000,5100,5128.66,1,11261.4
122106,44652,34094,10831.82,0,9490.8
50410,18830,14204,2295.73,0,2158
10114,1442,190,0,0,0
42653,5204,4837,2395.5,0,2744.9
56856,18970,11076,3027.77,0,2788.6
135397,34755,19895,15140.99,0,14192.6
95850,11526,2882,11129.86,0,10864.8
21524,4589,3382,814.99,0,693.5
82402,31516,12196,4646.11,0,4177.2
23966,1093,1432,928.92,1,1287.3
44918,17851,6801,1473.77,0,1706.7
69586,4063,15003,4419.11,1,7104.6
103357,5865,15304,11129.15,0,13498.4
26834,6596,2196,1101.42,0,1023.8
133484,31301,33303,6711.44,1,14654.9
144809,53568,17643,7692.09,1,12248.2
27541,523,5097,1658.8,0,1701.8
59354,10771,1903,1714.19,1,3858.3
143647,31628,38470,19330.18,0,17605.7
127688,42208,11569,9247.84,0,11096
20175,7959,168,190.9,0,221.6
65331,9982,17016,4456.13,0,5069.8
20928,797,1137,935.68,0,1013.1
54638,14173,720,2565.98,0,3046.5
144734,32143,15090,18398.09,0,17777.3
32482,3550,5381,762.28,1,1893.2
48066,17158,246,1607.15,1,2090.8
59880,18839,17194,1855.46,1,3104.1
147271,54445,25951,5222.07,1,12565.2
45749,10079,640,1676.63,1,2567
83367,6273,20886,6636.91,1,9418.8
97611,13769,14209,9037.28,0,10768.4
78235,28153,20672,3660.29,0,4016.4
33638,4502,4051,1491.22,1,1913.6
103521,36645,22162,4941.36,1,7375.2
67732,17788,5841,3228.79,0,3994.4
81884,21530,1563,6038.25,0,6070.8
113830,38252,7407,10903.09,0,9115.6
52585,490,2326,3834.36,0,4419
131547,11459,21305,14565.11,1,20026.4
78859,24927,19462,3578.28,1,4786.4
99277,25023,7782,9685.15,0,8850.8
103840,38075,24845,6808.58,0,7153
78591,29314,13052,3282.49,0,3927.7
101108,14859,2371,10215.92,0,11249.8
80186,4439,15822,7530.28,0,9149.4
47715,10853,10818,1439.27,1,2686.2
64676,24554,375,3118.44,0,3012.2
98774,30093,24710,8597.3,0,7736.2
134886,30984,25236,14452.59,0,15170.6
67158,18808,11049,3663.5,0,3835
55201,13194,15831,3739.64,0,3200.7
116467,6460,15590,9926.55,1,17002.1
66576,18518,13092,4082.98,0,3805.8
145318,53485,38301,11754.51,0,12366.6
128199,16311,20911,12867.29,1,17566.4
84954,33248,13269,4582.22,0,4341.2
128784,38186,6827,14493.48,0,12119.6
121915,24896,4475,15613.97,0,13403.8
57704,14311,7873,3643.74,0,3339.3
139018,54579,37016,12492.61,0,10887.8
112331,7963,15056,10632.32,1,15310.4
142272,38106,19510,17945.75,0,15249.8
144578,29445,9067,18816.08,0,18539.9
135701,47536,17980,6461.13,1,11633
62007,18460,8166,2630.67,1,3354.7
28984,6860,883,1059.5,0,1212.4
37385,6428,8133,2331.41,0,2095.7
75838,3868,7976,7382.9,0,8394
122786,23648,34170,16114.64,0,13827.6
77996,23844,5141,4014.3,0,4830.4
117880,2965,17930,18610.17,0,18474.5
68713,6378,14414,7156.71,0,6467
82404,11472,9944,5883.59,1,8186.4
39287,12052,10523,2007.21,0,1723.5
43085,2223,12749,3243.16,0,3086.2
63244,20885,8705,3719.23,0,3235.9
89843,6347,9350,7621.5,1,10699.2
40156,7751,5211,2444.72,0,2240.5
59416,23446,1226,2401.09,0,2597
122086,6332,31941,19990.07,0,18726.2
110040,14863,18952,11753.42,0,13035.4
56797,17777,7088,1408.66,1,2902
54951,17198,9563,3123.1,0,2775.3
148843,34860,21475,13379.53,1,18194.9
40838,8488,4507,1407.78,1,2235
25230,1478,4928,1177.15,0,1375.2
82020,16112,7567,8400.63,0,7181.6
129773,41976,18034,11907.64,0,11559.4
86284,13548,3736,3720.47,1,8547.2
44773,10460,11581,2448.86,0,2431.3
149169,37597,38112,20948.56,0,17471.6
81170,21045,5507,6224.31,0,6025
67198,535,19495,8754.13,0,7332.6
57562,10788,10085,3472.83,0,3677.4
107358,41183,18883,4938.12,1,7235
70791,1870,436,3744.41,1,7784.2
111272,3613,11607,16142.27,0,16297.7
10140,2594,216,0,1,0
128806,34789,13031,12136.27,0,12803.4
113807,1197,15400,15781.88,0,17783
72766,24140,6465,3627.62,0,3862.6
53639,20860,2627,2428.25,0,2277.9
69346,10510,19995,4666.52,0,5767.2
78429,21850,17737,5109,0,5315.8
47765,14731,5629,1333.17,1,2303.4
101858,21291,5516,11956.04,0,10113.4
43780,7272,566,3085.39,0,2650.8
45629,12680,6535,2251.79,0,2294.9
94583,25033,13574,5297.84,1,7910
70212,8078,19403,3028.79,1,6426.8
81785,13801,13967,8102.83,0,7596.8
74763,3253,3813,8015.03,0,8302
119920,558,8907,23496.38,0,19808.6
86132,27845,12361,6213.42,0,5657.4
75796,25403,1235,3671.46,0,4078.6
47592,6236,2295,3673.7,0,3135.6
123666,46864,14550,10608.59,0,9360.4
147410,33502,33188,20707.4,0,18172.4
105444,33937,11267,8049.44,0,8301.4
139826,26744,19297,19541.18,0,17924.6
14006,357,1177,341.02,0,364.9
139551,42435,15109,14461.52,0,13423.2
81211,12171,2216,7061.81,0,7808
65543,13302,3768,4361.93,0,4448.2
43925,16652,11849,1965.5,0,1727.3
64541,11650,6738,4529.1,0,4578.2
21003,1532,5966,625.05,1,947.1
55739,6317,8027,4010.3,0,3942.2
72792,23011,19119,3462.04,0,3978.1
50405,1208,9259,3212.21,0,3919.7
98002,10865,5762,11679.97,0,11427.4
20196,6530,3925,313.8,0,366.6
74176,19881,2395,3383.86,1,4859
118079,4780,29046,15042.54,0,17989.7
79882,31452,15418,3789.15,0,3843
91245,35827,2891,4686.41,0,5083.6
148079,47792,25379,13687.47,0,14086.1
62285,472,5427,6263.59,0,6362.6
134239,12883,17453,20335.56,0,20406.8
78223,8014,15,9181.54,0,8041.8
63736,10965,8794,4319.35,0,4554.2
39707,2397,1030,2211.42,0,2731
45017,4645,11312,3455.12,0,3037.2
142261,19594,2352,23910.34,0,20800.1
116054,45522,6457,8445.53,0,8106.4
31789,3544,1052,1575.05,0,1824.5
143125,29555,16138,7453.53,1,18071
123868,45608,19029,8176.13,0,9652
77721,26734,2928,3678.49,0,4197.4
19813,7441,3833,257.67,0,237.2
53346,6656,15708,3531.51,0,3669
60300,14897,10494,2264.54,1,3540.3
124502,41530,27017,8867.63,0,10594.4
121759,25793,4129,6980.59,1,13193.2
73339,4471,1306,5504.01,1,7773.6
138575,43948,28976,8260.26,1,12925.4
92456,7026,9170,13118.3,0,11086
86132,3078,14552,10106.44,0,10610.8
51465,10126,697,3155.58,0,3133.9
58336,6,5532,4772.83,0,5666
66429,24239,11456,2374.19,1,3219
143898,42860,18681,15638.45,0,14311.4
117626,18423,18600,14532.04,0,13840.6
105265,9595,13976,15315.8,0,13134
25918,2798,5117,1133.74,0,1312
14927,5684,2511,0,0,0
55930,4258,6410,3656.69,0,4334.4
120851,7446,22792,16859.75,0,18021.5
42155,9686,481,1570.8,1,2246.9
14628,1547,2293,310.19,0,308.1
130032,31652,24194,7453.06,1,13676
100758,15223,21786,12284.36,0,11107
115473,6922,26657,19250.79,0,16565.3
74590,22296,11422,4636.38,0,4458.8
51489,12218,8153,3427.37,0,2927.1
30392,1570,902,2191.59,0,1882.2
134626,33782,38797,14635.37,0,14253.2
33567,8762,7590,1320.45,0,1480.5
34661,6531,7867,1953.73,0,1813
58331,7590,9407,3808.21,0,4148.2
87969,3527,2375,12587.33,0,10888.4
119515,38463,25010,6696.83,1,10210.4
20899,5400,1789,552.63,0,549.9
104289,40149,2572,3522.71,1,6828
15032,2590,3621,213.76,0,244.2
76946,25621,7503,4102.42,0,4265
57014,860,11569,5701.79,0,5230.8
144939,34308,8424,14934.82,0,17189.3
40577,6650,826,2665.23,0,2392.7
99118,37817,26183,3921.34,1,6260.2
88127,29802,10417,2970.93,1,5665
149670,10428,154,29632.41,0,25772.6
18711,6634,1695,232.43,0,207.7
86739,1593,22383,11158.9,0,11029.2
46755,16556,11520,2034.37,0,2019.9
68490,24968,7555,3651.26,0,3352.2
31042,4578,5999,1534.81,0,1646.4
87156,10047,24172,11177.08,0,9421.8
93930,32679,10395,5814.28,0,6250.2
142938,35067,33853,9256.1,1,16361.3
33506,8778,7559,874.48,1,1472.8
52277,790,8929,4354.61,0,4297.4
125220,21043,11212,12964.02,0,15253.1
39752,6251,8001,1198.46,1,2350.1
117143,25126,10778,12272.76,0,12403.4
96619,2090,21800,8210.96,1,12905.8
149390,3356,34784,28912.11,0,27810.2
64954,5485,14621,6019.16,0,5893.8
36107,3862,5791,2440.98,0,2224.5
41339,11274,7898,2259.76,0,2006.5
132539,25586,31465,16529.05,0,16085.9
76913,7120,12967,6904.45,0,7958.6
53281,12582,15508,3537.05,0,3069.9
95650,37062,10637,4685.72,0,5717.6
46813,4484,1829,2856.86,0,3232.9
62912,4963,7037,3885.23,1,5589.8
38544,12892,6526,1708.72,0,1565.2
125322,8836,25650,13443.1,1,18945.8
114256,9307,29573,18129.4,0,15484.7
71964,26815,14627,4142.54,0,3514.9
92362,32531,9032,5812.33,0,5966.2
122234,44886,31576,11014.08,0,9469.6
68821,18857,18412,3626.49,0,3996.4
13332,2669,3934,74.52,0,66.3
77702,2901,17790,8518,0,8960.2
64238,12826,16832,3970.52,0,4282.4
27515,3067,836,1169.57,0,1444.8
35197,2285,1308,2169.23,0,2291.2
96212,11781,15389,8263.04,1,10886.2
43961,3435,10410,2802.47,0,3052.6
93294,33838,11870,4730.33,0,5891.2
50762,15608,2005,2735.93,0,2515.4
35289,3241,1428,2072.15,0,2204.8
137816,30912,7165,18615.34,0,16071.2
47326,4952,12717,3010.26,0,3237.4
46419,3261,6585,1960.55,1,3315.8
92344,229,936,11603.96,0,12423
145212,22619,35194,23494.69,0,20777.9
111653,17187,22045,12745.53,0,12893.2
35551,6968,10321,1946.14,0,1858.3
78716,23911,8878,5828.13,0,4961
34648,2519,890,2589.52,0,2212.9
139530,17122,29192,10847.09,1,20722.4
36022,6939,2177,2279.36,0,1908.3
75893,22859,1102,4743.17,0,4606.8
28991,9184,2351,507.96,1,980.7
53964,10200,4145,3386.14,0,3376.4
96402,31911,7712,3664.7,1,6898.2
67353,5073,748,6597.96,0,6456
121610,5347,490,20277.94,0,18878.9
44553,3999,11105,3023.62,0,3055.4
71379,11531,3013,3293.52,1,5969.6
145486,22846,1436,18040.23,0,20792
18107,1019,4098,582.5,0,708.8
95623,30425,26666,7769.22,0,7039.6
12969,158,1472,270.54,0,281.1
130303,28915,24503,14376.1,0,14416.4
144085,40856,21872,16858.46,0,14968.7
78767,17170,13507,6013.61,0,6319.4
43617,9382,11050,1035.64,1,2423.5
109211,32306,18860,7855.73,0,9381
17248,989,1008,669.71,0,625.9
149664,10786,40113,29035.89,0,25663.4
127008,34811,35514,10496.95,0,12439.4
41153,2272,12097,2818.17,0,2888.1
102569,28183,2968,6704.79,1,8877.2
42400,13956,5840,752.97,1,1844.4
133015,15931,480,22418.69,0,19125.2
92276,31707,23896,5229.7,0,6113.8
90830,3424,21026,10514.7,0,11481.2
39565,3094,10471,2883.11,0,2647.1
36243,6314,3560,1883.1,0,1992.9
122461,6024,3419,22350.54,0,18931.1
98756,26818,21346,8347.76,0,8387.6
19586,3412,1111,279.83,1,617.4
88344,3524,3141,6394.78,1,10964
40543,8298,6554,2370.36,0,2224.5
82427,31810,20804,3631.3,0,4123.4
51088,1275,7018,3261.43,0,3981.3
126645,5372,17620,14264.31,1,20381.9
70189,18874,5561,3943.89,0,4263
36824,6115,10507,1669.08,0,2070.9
99249,24848,2687,10109.03,0,8880.2
116143,9533,14760,16064.76,0,15983
13281,1100,536,195.6,0,218.1
131903,18021,36780,19319.03,0,18164.6
28465,5045,2745,908.78,1,1342
66628,19756,6479,3929.62,0,3687.2
17920,4853,4580,354.99,0,306.7
71925,13260,3401,4398.97,1,5733
108727,17443,27637,7956.72,1,12256.8
33116,499,9575,2614.92,0,2261.7
50935,5789,8056,3476.79,0,3514.6
87778,26068,9688,7332.37,0,6342
27496,8364,1243,788.5,0,913.2
13257,18,2049,292.61,0,323.9
144154,8875,11830,23170.02,0,24583.7
82563,21240,8650,5285.27,0,6264.6
45847,7240,11674,2712.56,0,2860.7
28565,8731,5869,772.14,1,983.4
142744,43151,39808,14086.53,0,13918.6
100445,4812,24160,13208.28,0,13126.6
18868,5087,4604,407.71,0,378.1
58219,16556,10760,3126.67,0,3166.3
19583,1956,3273,746.15,0,762.7
126946,16680,17839,9353.04,1,17079.8
32561,9083,4720,1232.05,0,1347.8
138783,54069,38478,5656.18,1,10942.8
23245,2446,3769,941.59,0,1079.9
17363,2708,2523,441.93,0,465.5
99121,2289,29491,13732.68,0,13366.4
92905,3000,12507,12108.08,0,11981
108148,30459,21311,11184.73,0,9537.8
48331,13711,5378,2260.79,0,2462
44272,7287,4191,2929.25,0,2698.5
74277,23686,15577,3308.47,0,4118.2
102063,31278,3482,9265.42,0,8157
47180,13230,11114,2359.5,0,2395
26936,4819,3151,1147.04,0,1211.7
97489,35200,23152,5493.29,0,6457.8
102617,117,1160,14458.95,0,14750
114171,14171,14313,12862.2,0,14000
135780,21464,11646,13353.54,1,18294.8
39853,3749,7299,3013.7,0,2610.4
106743,13562,23569,11119.36,0,12636.2
117518,17511,18035,16162.04,0,14002.1
39740,15597,6426,1209.18,0,1414.3
35330,6280,2592,1038.1,1,1905
57505,9507,8757,3909.58,0,3799.8
30938,1834,6596,2083.07,0,1910.4
40755,1476,5821,2991.49,0,2927.9
80192,18332,9374,7002.88,0,6372
94360,7470,17639,10391.92,0,11378
135192,41667,2043,7315.85,1,12705
37384,8316,9145,1165.6,1,1906.8
114710,2293,33456,20996.84,0,17725.1
39561,6292,5483,2734.86,0,2326.9
46417,4360,12680,2455.05,1,3205.7
120350,42114,7369,9661.71,0,9647.2
42887,542,8671,2532.42,1,3234.5
132310,45456,35424,9817.71,0,11370.8
72880,6002,17767,5197.41,1,7375.6
145939,17250,10411,23219,0,22606.7
33446,1474,6086,2455.52,0,2197.2
125653,7678,31734,19792.98,0,19392.5
52303,10600,5780,3152.94,0,3170.3
34960,3842,2390,1857.53,0,2111.8
102939,10056,14922,12781.25,0,12576.6
107595,30232,8186,8508.03,0,9472.6
120108,5908,5342,15526.18,0,18260
80306,9065,11205,7633.84,0,8248.2
132790,47208,30550,11136.8,0,11116.4
148022,50706,8751,15648.03,0,13463.2
29790,8537,2070,1227.3,0,1125.3
51005,13865,4597,2509.42,0,2714
81527,25846,12457,5699.72,0,5136.2
27375,10395,45,599.78,0,698
141553,19187,38973,18910.36,0,20709.8
36020,3906,8171,1559.85,1,2211.4
141792,49856,22904,8839.07,1,12387.2
44616,10017,9808,1657.93,1,2459.9
40593,8367,5067,2452.77,0,2222.6
147109,23446,36500,24156.48,0,21098.9
124151,2066,2478,22429.35,0,20625.5
83842,30277,8180,3785.97,0,4713
55496,10409,7747,3115.65,0,3508.7
28351,10242,325,957.08,0,810.9
111397,26861,28526,9346.76,0,10907.2
124491,14755,34362,11537.82,1,16920.8
102675,9436,6903,11626.67,0,12647.8
36623,7021,8822,1669.37,0,1960.2
56390,1605,8710,4933.57,0,4957
110298,12794,30184,13449.48,0,13500.8
77600,23348,6246,5653.81,0,4850.4
26876,10275,1620,653.14,0,660.1
125766,28721,20595,13018.31,0,13409
24060,9255,5404,411.21,0,480.5
16377,1883,1143,515.5,0,449.4
112777,18514,30149,13095.83,0,12852.6
49465,10163,2613,3379.83,0,2930.2
79567,6408,15656,8146.02,0,8631.8
22190,3383,2274,938.48,0,880.7
54197,11827,10834,3368.66,0,3237
95264,10957,18530,12932.34,0,10861.4
44404,7206,12709,1250.33,1,2719.8
38458,0,5145,3249.23,0,2845.8
80566,18651,20255,4345.06,1,6383
10557,1592,592,0,1,0
83740,7585,23708,7734.04,0,9231
79619,2729,10490,7551.67,0,9378
115508,38401,13243,7852.16,0,9421.4
67326,13656,4846,2267.46,1,4734
13043,1090,2043,198.55,0,195.3
61145,13580,2050,3139.87,0,3756.5
51837,5991,12015,3528.71,0,3584.6
95899,21310,26077,8480.92,0,8917.8
81884,16214,13386,4315.08,1,7134
29428,8694,4674,786.87,1,1073.4
128522,10208,36733,13217.99,1,19494.2
149945,34530,5233,15991.22,0,18624.5
89791,14644,10915,9877.59,0,9029.4
147335,12304,43332,21824.43,0,24509.3
128676,22415,25609,14910.12,0,15878.3
75352,11285,972,7826.13,0,6813.4
124854,288,19434,10812.62,1,21369.8
128212,10866,28722,14910.19,1,19203.8
82364,2875,12172,4611.25,1,9897.8
46835,7218,12294,2712.65,0,2961.7
66105,18677,4616,3382.61,0,3742.8
43818,7678,7733,2255.56,0,2614
115716,36175,25958,9568.11,0,9908.2
121745,22258,19467,15490,0,13897.4
91198,9800,4101,6414.16,1,10279.6
40528,4661,8024,1812.85,1,2586.7
66608,17757,18375,4288.15,0,3885.1
120720,43790,2821,5217.96,1,9386
139129,12809,4817,20373.84,0,21896
60635,20009,5063,3310.8,0,3062.6
92577,11564,2948,11990.33,0,10202.6
115304,1840,25614,13297.94,1,18039.2
91949,14552,11583,10816.95,0,9479.4
112818,20363,12577,13358.83,0,12491
64932,23894,8938,2874.7,0,3103.8
123115,14902,7253,15891.27,0,16463.9
17658,6536,968,102.91,0,112.2
129221,47664,29205,11611.54,0,10311.4
73417,11277,4984,5485.49,0,6428
24750,5708,1218,902.24,0,904.2
52865,7928,13733,3586.94,0,3493.7
20578,8008,2491,165.45,1,257
60562,5553,1492,4054.32,0,5001.8
144789,17257,26761,21146.79,0,22259.6
106348,40589,27355,7254.33,0,7151.8
100299,243,6437,16544.25,0,14016.8
15850,3257,2125,287.66,0,259.3
145418,38376,22941,13419.08,0,16112.6
84648,25488,3856,5811.31,0,5832
63467,2339,18765,6827.87,0,6225.6
29243,2409,8512,1557.07,0,1683.4
138274,19891,11865,22773.24,0,19514.9
18850,2635,4051,594.55,0,621.5
102680,30951,8382,6678.72,0,8345.8
47104,5548,3352,3600.87,0,3155.6
11137,1742,775,0,0,0
137211,53274,20390,7888.88,1,10787.4
83997,2573,19347,6444.13,1,10284.8
102906,2264,22314,16083.34,0,14192.6
138113,8161,38546,18500.98,0,22985.6
77293,18847,3220,3788.85,1,5689.2
74130,7256,20133,6751.07,0,7374.8
87267,2722,12414,10718.59,0,10909
111087,1009,27695,13035.26,1,17023.4
89923,13986,25966,7408.49,0,9187.4
70808,6431,6178,4940.35,1,6875.4
35590,5169,8338,2415.71,0,2042.1
123579,39879,4902,7037.52,1,10740
149116,48838,37841,16714.97,0,14083.4
87321,34434,2817,4106.49,0,4577.4
35108,12236,4779,1117.2,0,1287.2
47794,7580,9234,2533.41,0,3021.4
113724,2852,31219,17884.48,0,17261.6
91775,14264,25706,10167.29,0,9502.2
14875,4192,2397,67.08,0,68.3
106340,8990,15185,11197.21,0,13470
131066,49185,9780,4473.32,1,10376.2
119769,5875,21000,15267.17,0,18168.2
127358,29064,9698,7497.25,1,13658.8
70138,23983,13063,3787.17,0,3615.5
46111,16040,7418,2287.27,0,2007.1
10054,1594,2979,0,1,0
40880,4474,4700,2505.72,0,2640.6
94481,11353,11874,7101.78,1,10625.6
126597,27349,21186,12323.07,0,13849.6
13950,1054,1382,286.37,0,289.6
145260,45434,27541,13336.63,0,13965.2
148056,29326,26793,13549.89,1,19619
30306,8008,7954,1114.72,0,1229.8
23899,8952,4867,540.71,0,494.7
73887,28023,8534,2489.12,1,3586.4
146022,50215,38725,13877.15,0,13161.4
90291,848,6425,12345.18,0,11888.6
56845,21093,16230,2127.33,0,2575.2
94945,29423,14615,7157.76,0,7104.4
104109,41120,28968,3708,1,6597.8
29354,814,4385,1544.6,0,1854
44971,16145,5808,1425.67,1,1882.6
96393,12747,4762,11503.43,0,10729.2
136390,25168,22955,18459.19,0,17366.6
60130,23744,10414,3123.48,0,2638.6
129935,4742,14607,19533.67,0,21557.9
54570,84,5109,4543.05,0,4897.2
55086,6241,712,1791.74,1,3884.5
32698,8285,212,1594.97,0,1441.3
79068,5920,7581,8378.31,0,8629.6
101512,29833,22000,7329.25,0,8335.8
144799,12062,39397,18242.46,1,23821.1
11291,4399,1702,0,0,0
74808,22375,21444,2554.46,1,4486.6
13430,331,2020,360.61,0,309.9
38120,1007,968,2535.08,0,2711.3
47611,15753,1878,2095.39,0,2185.8
72828,8331,20371,5798.6,0,6899.4
47350,6942,654,3380.86,0,3040.8
35550,9958,6309,1506.08,0,1559.2
45351,8206,2906,2592.46,0,2714.5
32981,451,9820,2153.47,0,2253
11117,3552,1102,0,0,0
131982,51177,29286,9136.1,0,10161
32719,9825,9725,1040,0,1289.4
13240,4021,854,0,1,0
120305,13941,12131,8023.01,1,15909.2
129446,9079,26698,22213.59,0,20110.1
146650,54889,30562,10571.23,0,12352.2
115934,21552,785,11375.03,0,12876.4
59402,8032,17713,4752.04,0,4274
68918,15686,19441,2990.17,1,4646.4
12508,1264,2325,148.1,0,124.4
96339,22112,11525,6047.67,1,8845.4
83415,5041,6370,10141.83,0,9674.8
81249,10290,19166,8308.56,0,8191.8
106366,32232,8824,7589.79,0,8826.8
94031,19820,21478,9863.87,0,8842.2
89222,24850,26290,6404.29,0,6874.4
10289,1126,278,0,0,0
81381,26093,19053,5632.86,0,5057.6
75379,2542,18887,5419.9,1,8567.4
138681,47396,13629,5424.53,1,12257
82790,119,3741,10869.7,0,10534.2
32138,9814,2097,968.94,1,1232.4
94352,20643,4700,7424.66,0,8741.8
42480,745,10513,3155.76,0,3173.5
109217,9618,599,13079.09,0,13919.8
100133,31715,25707,8000.02,0,7683.6
135545,2413,12494,24789.35,0,23939.6
89684,24206,27,6299.16,0,7095.6
93914,31147,28086,7762.67,0,6553.4
143977,13021,23152,12376.1,1,23286.8
59070,20621,1706,2487.89,0,2844.9
131220,52222,11440,10675.95,0,9799.6
69326,16555,9298,5209.38,0,4554.2
115228,4750,24202,14539.26,0,17143.4
142467,49046,21943,6940.12,1,12684.2
131693,18964,38107,16217.21,0,17818.7
11020,288,2607,76.61,0,73.2
129112,34934,20530,12411.57,0,12835.6
129363,30380,4115,13096.71,0,13796.6
128674,11941,2651,10655.88,1,19019.9
47372,7691,12763,2980.97,0,2968.1
90273,14205,12897,10780.86,0,9213.6
56836,9029,741,3544.59,0,3780.7
23381,6241,2435,761.54,0,714
60635,22612,1488,2333.35,0,2802.3
73646,27011,523,4150.68,0,3663.5
112072,32042,9762,8784.69,0,10006
115390,31242,27248,10918.95,0,10829.6
137959,46866,31331,10236.49,0,12218.6
113860,20667,23753,11428.24,0,12638.6
112111,20846,12298,11734.79,0,12253
81830,23103,810,4628.99,0,5745.4
78091,10406,11967,8432.79,0,7537
33246,7769,8564,1804.59,0,1547.7
139023,52879,18423,10764.08,0,11228.8
41188,3922,3366,3154.81,0,2726.6
131114,12200,12100,17392.13,0,19674.2
105350,17850,5409,13368.35,0,11500
35713,9327,9786,1520.49,0,1638.6
14582,2391,747,196.06,0,219.1
118517,19576,18587,15433.1,0,13788.2
58263,190,15635,6322.36,0,5614.6
91665,24282,14896,4001.4,1,7476.6
118885,21544,8165,11677.99,0,13468.2
101725,484,12359,8034.86,1,14372.3
81888,25656,2284,4648.29,0,5246.4
76628,4602,19552,7907.69,0,8405.2
59532,6983,14424,3753.59,0,4509.8
138550,12869,41149,25797.76,0,21704.3
45032,2016,2085,1438.75,1,3301.6
34026,3701,2192,2424.57,0,2032.5
13444,11,426,319.58,0,343.3
104615,3292,2340,16146.74,0,14396.9
74918,9682,3833,6118.66,0,7047.2
88352,14322,9277,9967.18,0,8806
88800,24980,26058,6707.43,0,6764
135480,33604,8206,15548.8,0,14562.8
38117,10528,5308,1106.96,1,1758.9
82743,7224,4979,7525.86,0,9103.8
89902,7202,25279,4336.24,1,10540
60253,22325,2690,2472.4,0,2792.8
76710,30319,10233,4310.02,0,3639.1
51045,8681,2916,3488.14,0,3236.4
12097,270,710,164.59,0,182.7
120553,36725,20961,12560.12,0,10765.6
53807,13457,10421,2894.33,0,3035
17310,5302,649,173.97,0,200.8
76707,28546,6153,3119.95,0,3816.1
23754,1343,1359,1455.29,0,1241.1
132679,1582,27740,21678.73,0,23329.1
56283,22401,11209,2694.82,0,2388.2
88782,26143,24612,5360.09,0,6527.8
64638,11481,3066,5016.78,0,4631.4
133340,19324,32102,20823.83,0,18204.8
133519,22066,4060,19195.71,0,17435.9
25153,7034,438,929.81,0,811.9
63036,15237,14977,4255.9,0,3779.9
144483,33272,3081,8649.8,1,17363.3
110282,31647,19652,9192.66,0,9727
72306,19071,20634,4500.74,0,4647
81114,13551,6946,7171.78,0,7512.6
84950,4497,6130,6552.85,1,10090.6
125736,46356,25563,10364.63,0,9876
55973,16006,2969,2624.85,0,2996.7
40132,4117,4103,2273.35,0,2601.5
38301,5590,6669,2378.64,0,2271.1
105995,20098,20923,13109.28,0,11179.4
42573,1397,2054,2018.38,1,3117.6
114979,10795,7299,12491.49,0,15255.2
93540,28658,17718,6013.02,0,6976.4
79006,15200,19043,2741.42,1,6761.2
137464,8909,21001,24402.05,0,22566.5
134241,166,30747,22867.96,0,24222.5
69304,23801,16778,1712.34,1,3550.3
10945,2948,2611,0,0,0
66293,5155,12145,2513.92,1,6227.6
59842,7417,9430,4284.09,0,4485
61450,17623,3890,3922.81,0,3382.7
144269,32433,23498,14118.66,0,17550.8
137787,20151,9904,16707.78,0,19290.8
22798,5775,5199,710.72,0,702.3
102732,31121,2089,7772.58,0,8322.2
100806,57,224,8815.41,1,14224.7
96550,4393,14388,9683.98,1,12431.4
88085,29139,14926,6293.71,0,5789.2
89227,21201,23015,6326.71,0,7605.2
17228,2025,2169,606.15,0,520.3
57802,6296,11272,4779.61,0,4301.2
88235,20020,12426,6235.89,0,7643
121106,32575,34427,13443.32,0,11706.2
108502,15565,21508,13320.49,0,12587.4
147211,22068,15934,12926.1,1,21542.9
78561,23502,17433,4149.41,0,5011.8
37122,11781,8157,1530.94,0,1534.1
92302,13258,8339,9868.08,0,9808.8
136891,43395,27975,12182.85,0,12699.2
76117,14824,12520,6430,0,6258.6
48951,10369,3928,2509.61,0,2858.2
109003,31491,11727,4660.31,1,9502.4
72397,3847,15121,8940.68,0,7710
142052,10548,6296,10861.33,1,23451.2
23381,7303,1518,438.66,1,607.8
113102,31029,27403,12020.91,0,10414.6
143765,15965,22275,22222.53,0,22340
33498,6146,8303,2012.39,0,1735.2
78604,21465,22205,4778.75,0,5427.8
126732,6173,28867,9525.14,1,20167.7
72109,5470,18227,5928.08,0,7327.8
109445,6223,31834,9302.05,1,14966.6
46988,10786,7348,2443.55,0,2620.2
122200,5875,14127,11139.57,1,18897.5
11876,4245,304,0,1,0
36857,13762,858,1302.58,0,1309.5
106947,13827,25424,12051.67,0,12624
24090,2968,2006,925.04,0,1112.2
129025,21746,15653,19028.2,0,16183.7
127761,32965,30607,10847.17,0,12959.2
99255,23384,22605,9082.51,0,9174.2
32062,6823,9603,1465.4,0,1523.9
136787,51945,21654,10309.63,0,10968.4
88626,2728,15844,8138.25,1,11179.6
31575,449,2457,2017.61,0,2112.6
16630,5644,3025,80.15,0,98.6
114402,43564,20232,8876.76,0,8167.6
106833,2666,5311,16165.93,0,15250.1
31109,7541,9157,1155.81,0,1356.8
88645,7918,21531,11501.59,0,10145.4
18426,4789,4832,375.98,0,363.7
116139,15461,29822,11530.28,0,14203.4
113248,33590,27942,9243.08,0,9931.6
50441,14626,6346,1242.99,1,2581.5
143556,8994,40878,23941.15,0,24368.6
76174,6188,19489,8202.8,0,7997.2
98800,2348,11874,12447.98,0,13290.4
28161,5639,2975,1352.45,0,1252.2
48551,3687,5093,3962.52,0,3486.4
29388,7018,1663,1335.05,0,1237
71107,24877,7985,4039.22,0,3623
77048,12092,6759,7227.28,0,6991.2
39797,1283,10067,1609.08,1,2851.4
53989,8917,3665,3399.39,0,3507.2
70770,20323,11506,4012.81,0,4089.4
129781,21784,38358,14168.17,0,16399.1
139268,8737,30227,21738.83,0,23159.3
118430,17139,11405,14863.84,0,14387.3
126416,26146,10310,6095.64,1,14081
32673,8812,1013,854.08,1,1386.1
17416,6845,397,54.02,0,57.1
131792,34496,12168,12660.66,0,13459.2
60195,18920,2491,3540.15,0,3127.5
45333,3974,3779,2650.49,0,3135.9
84063,28085,9668,5072.14,0,5195.6
30200,6452,5334,1264.46,0,1374.8
65996,18339,387,2577.69,1,3765.7
96076,32862,1781,7202.45,0,6642.8
142903,55107,26366,6874.93,1,11559.2
63672,21667,14321,3317.47,0,3200.5
69822,12775,46,6412.18,0,5409.4
102090,28588,30449,7377.11,0,8700.4
